<?xml version="1.0" encoding="UTF-8"?>
<project-private xmlns="http://www.netbeans.org/ns/project-private/1">
    <editor-bookmarks xmlns="http://www.netbeans.org/ns/editor-bookmarks/2" lastBookmarkId="0"/>
    <open-files xmlns="http://www.netbeans.org/ns/projectui-open-files/2">
        <group>
            <file>file:/D:/Main%20D/ky4/lab4-1/src/java/controller/CalServlet.java</file>
            <file>file:/D:/Main%20D/ky4/lab4-1/src/java/controller/StudentSevlet.java</file>
            <file>file:/D:/Main%20D/ky4/lab4-1/src/java/model/test.java</file>
            <file>file:/D:/Main%20D/ky4/lab4-1/web/cal.jsp</file>
            <file>file:/D:/Main%20D/ky4/lab4-1/src/java/model/Student.java</file>
            <file>file:/D:/Main%20D/ky4/lab4-1/web/student.jsp</file>
        </group>
    </open-files>
</project-private>
