<?xml version="1.0" encoding="UTF-8"?>
<project-private xmlns="http://www.netbeans.org/ns/project-private/1">
    <editor-bookmarks xmlns="http://www.netbeans.org/ns/editor-bookmarks/2" lastBookmarkId="0"/>
    <open-files xmlns="http://www.netbeans.org/ns/projectui-open-files/2">
        <group>
            <file>file:/C:/Users/ADMIN/Desktop/QLBH/src/java/controller/home/Details.java</file>
            <file>file:/C:/Users/ADMIN/Desktop/QLBH/src/java/controller/admin/sanpham/UploadFileServlet.java</file>
            <file>file:/C:/Users/ADMIN/Desktop/QLBH/web/view/admin/sanpham/index.jsp</file>
            <file>file:/C:/Users/ADMIN/Desktop/QLBH/src/java/controller/admin/sanpham/CreateSanPham.java</file>
            <file>file:/C:/Users/ADMIN/Desktop/QLBH/src/java/controller/home/Login.java</file>
            <file>file:/C:/Users/ADMIN/Desktop/QLBH/src/java/controller/home/ViewCart.java</file>
            <file>file:/C:/Users/ADMIN/Desktop/QLBH/src/java/controller/admin/sanpham/DetailsSanPham.java</file>
            <file>file:/C:/Users/ADMIN/Desktop/QLBH/src/java/controller/home/MainController.java</file>
            <file>file:/C:/Users/ADMIN/Desktop/QLBH/src/java/controller/admin/nhacungcap/IndexNhaCungCap.java</file>
            <file>file:/C:/Users/ADMIN/Desktop/QLBH/web/view/home/index.jsp</file>
            <file>file:/C:/Users/ADMIN/Desktop/QLBH/web/view/home/order.jsp</file>
            <file>file:/C:/Users/ADMIN/Desktop/QLBH/web/view/admin/nhacungcap/edit.jsp</file>
            <file>file:/C:/Users/ADMIN/Desktop/QLBH/web/view/admin/sanpham/details.jsp</file>
            <file>file:/C:/Users/ADMIN/Desktop/QLBH/web/view/admin/danhmuc/indexdanhmuc.jsp</file>
            <file>file:/C:/Users/ADMIN/Desktop/QLBH/src/java/controller/home/AddToCartController.java</file>
            <file>file:/C:/Users/ADMIN/Desktop/QLBH/web/view/admin/nhacungcap/details.jsp</file>
            <file>file:/C:/Users/ADMIN/Desktop/QLBH/src/java/controller/home/Index.java</file>
            <file>file:/C:/Users/ADMIN/Desktop/QLBH/src/java/controller/admin/sanpham/IndexSanPham.java</file>
            <file>file:/C:/Users/ADMIN/Desktop/QLBH/web/view/home/login.jsp</file>
            <file>file:/C:/Users/ADMIN/Desktop/QLBH/src/java/controller/admin/sanpham/EditSanPham.java</file>
            <file>file:/C:/Users/ADMIN/Desktop/QLBH/web/view/admin/nhacungcap/index.jsp</file>
            <file>file:/C:/Users/ADMIN/Desktop/QLBH/src/java/controller/home/Order.java</file>
            <file>file:/C:/Users/ADMIN/Desktop/QLBH/web/view/admin/nhacungcap/create.jsp</file>
            <file>file:/C:/Users/ADMIN/Desktop/QLBH/web/view/admin/sanpham/edit.jsp</file>
            <file>file:/C:/Users/ADMIN/Desktop/QLBH/web/view/home/detail.jsp</file>
            <file>file:/C:/Users/ADMIN/Desktop/QLBH/src/java/controller/home/Test.java</file>
            <file>file:/C:/Users/ADMIN/Desktop/QLBH/web/view/admin/sanpham/create.jsp</file>
            <file>file:/C:/Users/ADMIN/Desktop/QLBH/src/java/controller/admin/nhacungcap/EditNhaCungCap.java</file>
            <file>file:/C:/Users/ADMIN/Desktop/QLBH/src/java/controller/home/RemoveCartController.java</file>
            <file>file:/C:/Users/ADMIN/Desktop/QLBH/web/WEB-INF/web.xml</file>
            <file>file:/C:/Users/ADMIN/Desktop/QLBH/src/java/controller/home/EditCartController.java</file>
            <file>file:/C:/Users/ADMIN/Desktop/QLBH/src/java/controller/home/LogoutController.java</file>
        </group>
    </open-files>
</project-private>
